{
  "查询测试" : {
    "transaction" : "查询测试",
    "sampleCount" : 1400,
    "errorCount" : 0,
    "errorPct" : 0.0,
    "meanResTime" : 1029.4278571428579,
    "medianResTime" : 239.0,
    "minResTime" : 91.0,
    "maxResTime" : 19130.0,
    "pct1ResTime" : 2134.2000000000007,
    "pct2ResTime" : 3701.8500000000004,
    "pct3ResTime" : 9183.700000000006,
    "throughput" : 4.110586521974021,
    "receivedKBytesPerSec" : 3.094816321010382,
    "sentKBytesPerSec" : 0.8670768444788951
  },
  "Total" : {
    "transaction" : "Total",
    "sampleCount" : 4200,
    "errorCount" : 0,
    "errorPct" : 0.0,
    "meanResTime" : 932.0080952381003,
    "medianResTime" : 201.0,
    "minResTime" : 44.0,
    "maxResTime" : 56063.0,
    "pct1ResTime" : 1964.6000000000004,
    "pct2ResTime" : 3013.399999999998,
    "pct3ResTime" : 8414.719999999994,
    "throughput" : 12.274241627213748,
    "receivedKBytesPerSec" : 5.967682168376293,
    "sentKBytesPerSec" : 2.8867641847857852
  },
  "发帖测试" : {
    "transaction" : "发帖测试",
    "sampleCount" : 1400,
    "errorCount" : 0,
    "errorPct" : 0.0,
    "meanResTime" : 1028.8842857142859,
    "medianResTime" : 224.0,
    "minResTime" : 98.0,
    "maxResTime" : 56063.0,
    "pct1ResTime" : 1971.8000000000002,
    "pct2ResTime" : 2993.1000000000017,
    "pct3ResTime" : 8468.84,
    "throughput" : 4.126360962267377,
    "receivedKBytesPerSec" : 1.0715528491048745,
    "sentKBytesPerSec" : 1.1323314749972
  },
  "登录测试" : {
    "transaction" : "登录测试",
    "sampleCount" : 1400,
    "errorCount" : 0,
    "errorPct" : 0.0,
    "meanResTime" : 737.7121428571427,
    "medianResTime" : 135.0,
    "minResTime" : 44.0,
    "maxResTime" : 34051.0,
    "pct1ResTime" : 1807.4000000000005,
    "pct2ResTime" : 2544.95,
    "pct3ResTime" : 6091.98,
    "throughput" : 4.108813110635662,
    "receivedKBytesPerSec" : 1.832583383226064,
    "sentKBytesPerSec" : 0.9048216371565839
  }
}