{
  "查询测试" : {
    "transaction" : "查询测试",
    "sampleCount" : 1400,
    "errorCount" : 9,
    "errorPct" : 0.64285713,
    "meanResTime" : 1313.452857142857,
    "medianResTime" : 179.0,
    "minResTime" : 84.0,
    "maxResTime" : 135960.0,
    "pct1ResTime" : 2050.2000000000007,
    "pct2ResTime" : 4310.700000000001,
    "pct3ResTime" : 29997.220000000012,
    "throughput" : 3.2139725159435995,
    "receivedKBytesPerSec" : 2.4108762013657086,
    "sentKBytesPerSec" : 0.6779473275818529
  },
  "Total" : {
    "transaction" : "Total",
    "sampleCount" : 4200,
    "errorCount" : 19,
    "errorPct" : 0.45238096,
    "meanResTime" : 1072.5178571428603,
    "medianResTime" : 164.0,
    "minResTime" : 41.0,
    "maxResTime" : 183656.0,
    "pct1ResTime" : 1712.8000000000002,
    "pct2ResTime" : 3886.5999999999985,
    "pct3ResTime" : 17457.619999999926,
    "throughput" : 9.60305102649756,
    "receivedKBytesPerSec" : 4.658256780439957,
    "sentKBytesPerSec" : 2.258530067267086
  },
  "发帖测试" : {
    "transaction" : "发帖测试",
    "sampleCount" : 1400,
    "errorCount" : 3,
    "errorPct" : 0.21428572,
    "meanResTime" : 977.024999999998,
    "medianResTime" : 179.0,
    "minResTime" : 89.0,
    "maxResTime" : 77728.0,
    "pct1ResTime" : 1764.4000000000005,
    "pct2ResTime" : 4105.550000000001,
    "pct3ResTime" : 15504.690000000002,
    "throughput" : 3.2255463269091202,
    "receivedKBytesPerSec" : 0.8378005589986982,
    "sentKBytesPerSec" : 0.8851352713490847
  },
  "登录测试" : {
    "transaction" : "登录测试",
    "sampleCount" : 1400,
    "errorCount" : 7,
    "errorPct" : 0.5,
    "meanResTime" : 927.0757142857154,
    "medianResTime" : 118.0,
    "minResTime" : 41.0,
    "maxResTime" : 183656.0,
    "pct1ResTime" : 1484.900000000001,
    "pct2ResTime" : 2582.9,
    "pct3ResTime" : 18820.67000000002,
    "throughput" : 3.203316805744005,
    "receivedKBytesPerSec" : 1.4266937573361673,
    "sentKBytesPerSec" : 0.705417909858665
  }
}